source_fold,cell,group,n,pred_range_pp,pred_sd_pp,y_range_pp,y_sd_pp,constant_within_1e_8_pp,mae,rmse,p95_ae
XJTU__2C,CS2_5,B,59,0.0,0.0,5.423128604888916,1.5143474477755627,True,3.5238220530041193,3.8354360969546253,5.733107924461365
XJTU__2C,CS2_5,B1,59,0.0,0.0,5.423128604888916,1.5143474477755627,True,3.8690283136852717,4.154831920148234,6.078314185142517
XJTU__2C,CS2_5,B12,59,0.6563399897765665,0.21183945075195096,5.423128604888916,1.5143474477755627,False,3.3488008280903707,3.6288129658698076,5.385875808230321
XJTU__2C,CS2_5,B123,59,0.8021661479980291,0.230954617889194,5.423128604888916,1.5143474477755627,False,3.289741863746011,3.561672177767368,5.244454480170098
XJTU__2C,CS2_5,B1234,59,0.7825866869485165,0.22269530192929288,5.423128604888916,1.5143474477755627,False,3.312968459185964,3.586064325221826,5.279400212296657
XJTU__2C,CS2_6,B,55,0.0,0.0,35.4189932346344,11.647907691817144,True,15.608621077104049,19.475697818710113,34.61706280708313
XJTU__2C,CS2_6,B1,55,0.0,0.0,35.4189932346344,11.647907691817144,True,14.717671708627181,18.769219859120888,33.72611343860626
XJTU__2C,CS2_6,B12,55,0.3910126551534887,0.11539801670134944,35.4189932346344,11.647907691817144,False,14.66595160704279,18.684371282836764,33.588295724475756
XJTU__2C,CS2_6,B123,55,0.5266703740756995,0.15778637186947383,35.4189932346344,11.647907691817144,False,14.5232067130134,18.54614612894374,33.37721940527522
XJTU__2C,CS2_6,B1234,55,0.4994617114825295,0.14615422332889572,35.4189932346344,11.647907691817144,False,14.52811150264747,18.555355085854693,33.39396788767232
XJTU__2C,CX2_3,B,1750,0.0,0.0,60.35713851451874,13.632691845866793,True,24.745289082186563,28.252072821747866,50.21076962351799
XJTU__2C,CX2_3,B1,1750,0.0,0.0,60.35713851451874,13.632691845866793,True,24.269018168108804,27.83586768556637,49.73449870944023
XJTU__2C,CX2_3,B12,1750,0.6686373048442773,0.06932731653779958,60.35713851451874,13.632691845866793,False,24.100254745580656,27.67452261198628,49.546187710172184
XJTU__2C,CX2_3,B123,1750,0.7961793641943826,0.10146216647323743,60.35713851451874,13.632691845866793,False,23.913324531731053,27.500342790844098,49.34142088857091
XJTU__2C,CX2_3,B1234,1750,0.7726926236901854,0.09726337126934077,60.35713851451874,13.632691845866793,False,23.942697373514022,27.526605678753437,49.37164301218458
XJTU__2C,PL11,B,870,0.0,0.0,21.94696068763733,6.184452035592647,True,9.404974285213427,11.256153352103544,20.00204652547836
XJTU__2C,PL11,B1,870,0.0,2.220446049250313e-14,21.94696068763733,6.184452035592647,True,9.253109994976002,11.129577330683803,19.850182235240936
XJTU__2C,PL11,B12,870,0.420635499398081,0.03900892111379516,21.94696068763733,6.184452035592647,False,8.90092159215201,10.830934621922248,19.470516779679244
XJTU__2C,PL11,B123,870,0.5727663757838286,0.04766002522528443,21.94696068763733,6.184452035592647,False,8.727908096263644,10.684693139993684,19.29036312404935
XJTU__2C,PL11,B1234,870,0.5368580763404185,0.045027171127454114,21.94696068763733,6.184452035592647,False,8.75492498372769,10.707466446216204,19.319111136879183
XJTU__2C,PL12,B,972,0.0,0.0,70.89278101921082,12.610177236830344,True,15.592873501188961,19.747741831887083,39.15964007377623
XJTU__2C,PL12,B1,972,0.0,1.1102230246251565e-14,70.89278101921082,12.610177236830344,True,18.273684509987692,22.092401443872188,42.10232496261595
XJTU__2C,PL12,B12,972,0.5749298310457451,0.03321876855207516,70.89278101921082,12.610177236830344,False,20.151443735648638,23.712555409739963,44.04480838597423
XJTU__2C,PL12,B123,972,0.7644429772861172,0.05308001494336007,70.89278101921082,12.610177236830344,False,20.09704147752169,23.673460325227378,44.001803055983956
XJTU__2C,PL12,B1234,972,0.7172700148160405,0.04879307108090345,70.89278101921082,12.610177236830344,False,19.985002625752493,23.57552456200391,43.88559959574115
XJTU__2C,PL13,B,871,0.0,0.0,20.845073461532593,5.7177318887529545,True,8.39042784015292,10.153410131205948,18.42169165611267
XJTU__2C,PL13,B1,871,0.0,2.220446049250313e-14,20.845073461532593,5.7177318887529545,True,8.428262484470544,10.184697661629235,18.459526300430294
XJTU__2C,PL13,B12,871,0.5010604062068102,0.1025003001625111,20.845073461532593,5.7177318887529545,False,7.978666790663357,9.785092195527657,17.941262445733326
XJTU__2C,PL13,B123,871,0.6348807966254255,0.11512370236143248,20.845073461532593,5.7177318887529545,False,7.825009904601414,9.655594005836342,17.779345720079437
XJTU__2C,PL13,B1234,871,0.6030923303752322,0.10789376793715663,20.845073461532593,5.7177318887529545,False,7.84936460815587,9.677483693826892,17.80805650880124
XJTU__2C,PL14,B,986,0.0,0.0,56.190282106399536,9.764944938004797,True,8.253233131724004,10.248418512650007,20.99449932575226
XJTU__2C,PL14,B1,986,0.0,1.1102230246251565e-14,56.190282106399536,9.764944938004797,True,8.300482355073306,10.35665461703109,21.334411501884464
XJTU__2C,PL14,B12,986,1.328176326987629,0.30728786526937624,56.190282106399536,9.764944938004797,False,8.370122820669257,10.523686763528849,21.807577650075544
XJTU__2C,PL14,B123,986,1.3612557838559303,0.30225584078773715,56.190282106399536,9.764944938004797,False,8.35277945722081,10.517372936663348,21.920679991991435
XJTU__2C,PL14,B1234,986,1.2924122102844549,0.2856635450588782,56.190282106399536,9.764944938004797,False,8.351663352134729,10.509493908157221,21.883946733249473
XJTU__3C,CS2_5,B,59,0.0,0.0,5.423128604888916,1.5143474477755627,True,2.7867822323815297,3.162535742026043,4.985683560371399
XJTU__3C,CS2_5,B1,59,0.8205443038205695,0.15815775837078402,5.423128604888916,1.5143474477755627,False,2.8791540615108673,3.229226862952589,4.985683560371399
XJTU__3C,CS2_5,B12,59,0.811996967322437,0.15651028172108916,5.423128604888916,1.5143474477755627,False,3.27576636349081,3.5902136144686603,5.386712091276422
XJTU__3C,CS2_5,B123,59,0.811996967322437,0.15651028172108916,5.423128604888916,1.5143474477755627,False,3.27576636349081,3.5902136144686603,5.386712091276422
XJTU__3C,CS2_5,B1234,59,0.811996967322437,0.15651028172108916,5.423128604888916,1.5143474477755627,False,3.27576636349081,3.5902136144686603,5.386712091276422
XJTU__3C,CS2_6,B,55,0.0,0.0,35.4189932346344,11.647907691817144,True,14.861196713014083,18.881973449297973,33.869638442993164
XJTU__3C,CS2_6,B1,55,1.226265285496242,0.1457886180293451,35.4189932346344,11.647907691817144,False,14.838870243195391,18.882435427959866,33.869638442993164
XJTU__3C,CS2_6,B12,55,1.1623973018766498,0.13819546084031686,35.4189932346344,11.647907691817144,False,14.61283233386169,18.704349014985855,33.64243769668974
XJTU__3C,CS2_6,B123,55,1.1623973018766498,0.13819546084031686,35.4189932346344,11.647907691817144,False,14.61283233386169,18.704349014985855,33.64243769668974
XJTU__3C,CS2_6,B1234,55,1.1623973018766498,0.13819546084031686,35.4189932346344,11.647907691817144,False,14.61283233386169,18.704349014985855,33.64243769668974
XJTU__3C,CX2_3,B,1750,0.0,0.0,60.35713851451874,13.632691845866793,True,23.99863963978631,27.59977894825298,49.463345259428024
XJTU__3C,CX2_3,B1,1750,0.9524835808181087,0.04344443521233637,60.35713851451874,13.632691845866793,False,24.002819700201258,27.60021340331876,49.463345259428024
XJTU__3C,CX2_3,B12,1750,0.9425618768512556,0.042991889012208205,60.35713851451874,13.632691845866793,False,23.881170520921355,27.493728544082572,49.340825372297935
XJTU__3C,CX2_3,B123,1750,0.9425618768512556,0.042991889012208205,60.35713851451874,13.632691845866793,False,23.881170520921355,27.493728544082572,49.340825372297935
XJTU__3C,CX2_3,B1234,1750,0.9425618768512556,0.042991889012208205,60.35713851451874,13.632691845866793,False,23.881170520921355,27.493728544082572,49.340825372297935
XJTU__3C,PL11,B,870,0.0,0.0,21.94696068763733,6.184452035592647,True,8.661564273395758,10.6395778871763,19.254622161388394
XJTU__3C,PL11,B1,870,0.3966060335343191,0.018800239713992316,21.94696068763733,6.184452035592647,False,8.661012641642754,10.639567800237161,19.254622161388394
XJTU__3C,PL11,B12,870,0.38008078213706,0.018016896392576216,21.94696068763733,6.184452035592647,False,8.803837885874753,10.757923137992538,19.39965136193981
XJTU__3C,PL11,B123,870,0.38008078213706,0.018016896392576216,21.94696068763733,6.184452035592647,False,8.803837885874753,10.757923137992538,19.39965136193981
XJTU__3C,PL11,B1234,870,0.38008078213706,0.018016896392576216,21.94696068763733,6.184452035592647,False,8.803837885874753,10.757923137992538,19.39965136193981
XJTU__3C,PL12,B,972,0.0,0.0,70.89278101921082,12.610177236830344,True,16.252845611591887,20.328540446888493,39.9070644378662
XJTU__3C,PL12,B1,972,2.0110090959146176,0.1749377764450419,70.89278101921082,12.610177236830344,False,16.247871318711553,20.328456496723575,39.90706443786659
XJTU__3C,PL12,B12,972,1.6129968790148386,0.14031467485696053,70.89278101921082,12.610177236830344,False,18.123947866637884,21.94749005769955,41.92328046502885
XJTU__3C,PL12,B123,972,1.6129968790148386,0.14031467485696053,70.89278101921082,12.610177236830344,False,18.123947866637884,21.94749005769955,41.92328046502885
XJTU__3C,PL12,B1234,972,1.6129968790148386,0.14031467485696053,70.89278101921082,12.610177236830344,False,18.123947866637884,21.94749005769955,41.92328046502885
XJTU__3C,PL13,B,871,0.0,0.0,20.845073461532593,5.7177318887529545,True,7.650869249886952,9.54504898294256,17.674267292022705
XJTU__3C,PL13,B1,871,0.552598326214071,0.04479043695109616,20.845073461532593,5.7177318887529545,False,7.648564963748183,9.544989752688469,17.674267292022705
XJTU__3C,PL13,B12,871,0.5353296285198872,0.043390735796374286,20.845073461532593,5.7177318887529545,False,7.88135731836295,9.733074126267052,17.907757950403415
XJTU__3C,PL13,B123,871,0.5353296285198872,0.043390735796374286,20.845073461532593,5.7177318887529545,False,7.88135731836295,9.733074126267052,17.907757950403415
XJTU__3C,PL13,B1234,871,0.5353296285198872,0.043390735796374286,20.845073461532593,5.7177318887529545,False,7.88135731836295,9.733074126267052,17.907757950403415
XJTU__3C,PL14,B,986,0.0,0.0,56.190282106399536,9.764944938004797,True,8.389182125820833,10.499458351483675,21.741923689842224
XJTU__3C,PL14,B1,986,0.8702406063781809,0.05528812195604571,56.190282106399536,9.764944938004797,False,8.388879228438887,10.496194087727607,21.741923689845155
XJTU__3C,PL14,B12,986,0.6798754737329604,0.04319384527816077,56.190282106399536,9.764944938004797,False,8.44773201796305,10.595915867564429,22.0042056920185
XJTU__3C,PL14,B123,986,0.6798754737329604,0.04319384527816077,56.190282106399536,9.764944938004797,False,8.44773201796305,10.595915867564429,22.0042056920185
XJTU__3C,PL14,B1234,986,0.6798754737329604,0.04319384527816077,56.190282106399536,9.764944938004797,False,8.44773201796305,10.595915867564429,22.0042056920185
XJTU__R2.5,CS2_5,B,59,0.0,0.0,5.423128604888916,1.5143474477755627,True,3.706814272929046,4.004212812348372,5.9161001443862915
XJTU__R2.5,CS2_5,B1,59,0.0,0.0,5.423128604888916,1.5143474477755627,True,3.8690283136852717,4.154831920148234,6.078314185142517
XJTU__R2.5,CS2_5,B12,59,0.0,0.0,5.423128604888916,1.5143474477755627,True,3.890572365973208,4.174901379369185,6.099858237430453
XJTU__R2.5,CS2_5,B123,59,0.251207111430396,0.07852551234052804,5.423128604888916,1.5143474477755627,False,3.7642452187215087,4.039262685036108,5.86371389982265
XJTU__R2.5,CS2_5,B1234,59,0.251207111430396,0.07852551234052804,5.423128604888916,1.5143474477755627,False,3.7642452187215087,4.039262685036108,5.86371389982265
XJTU__R2.5,CS2_6,B,55,0.0,0.0,35.4189932346344,11.647907691817144,True,15.791613297028976,19.622660475073083,34.80005502700806
XJTU__R2.5,CS2_6,B1,55,0.0,0.0,35.4189932346344,11.647907691817144,True,14.717671708627181,18.769219859120888,33.72611343860626
XJTU__R2.5,CS2_6,B12,55,0.0,0.0,35.4189932346344,11.647907691817144,True,14.516307660801845,18.611742038297958,33.524749390780926
XJTU__R2.5,CS2_6,B123,55,0.258960832132904,0.08055898054331083,35.4189932346344,11.647907691817144,False,14.384654840860746,18.47708791703167,33.3161301024449
XJTU__R2.5,CS2_6,B1234,55,0.258960832132904,0.08055898054331083,35.4189932346344,11.647907691817144,False,14.384654840860746,18.47708791703167,33.3161301024449
XJTU__R2.5,CX2_3,B,1750,0.0,0.0,60.35713851451874,13.632691845866793,True,24.92828130211149,28.41248837468419,50.39376184344292
XJTU__R2.5,CX2_3,B1,1750,0.0,0.0,60.35713851451874,13.632691845866793,True,24.269018168108804,27.83586768556637,49.73449870944023
XJTU__R2.5,CX2_3,B12,1750,0.0,2.220446049250313e-14,60.35713851451874,13.632691845866793,True,24.581481424328825,28.10870889918258,50.04696196566025
XJTU__R2.5,CX2_3,B123,1750,0.2553839862614815,0.044989536521618016,60.35713851451874,13.632691845866793,False,24.32706421533853,27.87422907823751,49.774113570650414
XJTU__R2.5,CX2_3,B1234,1750,0.2553839862614815,0.044989536521618016,60.35713851451874,13.632691845866793,False,24.32706421533853,27.87422907823751,49.774113570650414
XJTU__R2.5,PL11,B,870,0.0,0.0,21.94696068763733,6.184452035592647,True,9.587966505138354,11.409493796141923,20.185038745403286
XJTU__R2.5,PL11,B1,870,0.0,2.220446049250313e-14,21.94696068763733,6.184452035592647,True,9.253109994976002,11.129577330683803,19.850182235240936
XJTU__R2.5,PL11,B12,870,0.0,2.220446049250313e-14,21.94696068763733,6.184452035592647,True,9.206020798234423,11.090458327682892,19.803093038499355
XJTU__R2.5,PL11,B123,870,0.2095091082067846,0.021228012339274977,21.94696068763733,6.184452035592647,False,8.98766816618963,10.904941229382946,19.57558790899007
XJTU__R2.5,PL11,B1234,870,0.2095091082067846,0.021228012339274977,21.94696068763733,6.184452035592647,False,8.98766816618963,10.904941229382946,19.57558790899007
XJTU__R2.5,PL12,B,972,0.0,0.0,70.89278101921082,12.610177236830344,True,15.433602494958006,19.60726479165082,38.976647853851304
XJTU__R2.5,PL12,B1,972,0.0,1.1102230246251565e-14,70.89278101921082,12.610177236830344,True,18.273684509987692,22.092401443872188,42.10232496261595
XJTU__R2.5,PL12,B12,972,0.0,0.0,70.89278101921082,12.610177236830344,True,18.905347660797123,22.63689592327797,42.761647477745996
XJTU__R2.5,PL12,B123,972,0.26283147950483254,0.03320566814783078,70.89278101921082,12.610177236830344,False,19.016797716311434,22.741194852097895,42.89177239682179
XJTU__R2.5,PL12,B1234,972,0.26283147950483254,0.03320566814783078,70.89278101921082,12.610177236830344,False,19.016797716311434,22.741194852097895,42.89177239682179
XJTU__R2.5,PL13,B,871,0.0,0.0,20.845073461532593,5.7177318887529545,True,8.573420060077847,10.305143835881557,18.604683876037598
XJTU__R2.5,PL13,B1,871,0.0,2.220446049250313e-14,20.845073461532593,5.7177318887529545,True,8.428262484470544,10.184697661629235,18.459526300430294
XJTU__R2.5,PL13,B12,871,0.0,0.0,20.845073461532593,5.7177318887529545,True,8.45812563153559,10.209424427973486,18.48938944749534
XJTU__R2.5,PL13,B123,871,0.2234148534548841,0.032844963319116356,20.845073461532593,5.7177318887529545,False,8.236908955742656,10.019062147033031,18.252875500375865
XJTU__R2.5,PL13,B1234,871,0.2234148534548841,0.032844963319116356,20.845073461532593,5.7177318887529545,False,8.236908955742656,10.019062147033031,18.252875500375865
XJTU__R2.5,PL14,B,986,0.0,0.0,56.190282106399536,9.764944938004797,True,8.229477549421377,10.194367615554153,20.81150710582733
XJTU__R2.5,PL14,B1,986,0.0,1.1102230246251565e-14,56.190282106399536,9.764944938004797,True,8.300482355073306,10.35665461703109,21.334411501884464
XJTU__R2.5,PL14,B12,986,0.0,0.0,56.190282106399536,9.764944938004797,True,8.323913890467939,10.393923634451829,21.44471164792776
XJTU__R2.5,PL14,B123,986,0.30725806117698484,0.07908144078675021,56.190282106399536,9.764944938004797,False,8.313552284775568,10.406085021070293,21.58022852833628
XJTU__R2.5,PL14,B1234,986,0.30725806117698484,0.07908144078675021,56.190282106399536,9.764944938004797,False,8.313552284775568,10.406085021070293,21.58022852833628
XJTU__R3,CS2_5,B,59,0.0,0.0,5.423128604888916,1.5143474477755627,True,3.4109189348705744,3.7319721559576213,5.62020480632782
XJTU__R3,CS2_5,B1,59,0.0,0.0,5.423128604888916,1.5143474477755627,True,3.8690283136852717,4.154831920148234,6.078314185142517
XJTU__R3,CS2_5,B12,59,1.1358547757790216,0.34971423376944,5.423128604888916,1.5143474477755627,False,3.6184777105194095,3.861672507032023,5.553912043168008
XJTU__R3,CS2_5,B123,59,1.1533447331398827,0.34134802208744763,5.423128604888916,1.5143474477755627,False,3.545318164767557,3.785203467586476,5.420585024228243
XJTU__R3,CS2_5,B1234,59,1.1533447331398827,0.34134802208744763,5.423128604888916,1.5143474477755627,False,3.545318164767557,3.785203467586476,5.420585024228243
XJTU__R3,CS2_6,B,55,0.0,0.0,35.4189932346344,11.647907691817144,True,15.495717958970504,19.38533024379657,34.504159688949585
XJTU__R3,CS2_6,B1,55,0.0,0.0,35.4189932346344,11.647907691817144,True,14.717671708627181,18.769219859120888,33.72611343860626
XJTU__R3,CS2_6,B12,55,0.6011500057528485,0.18181879215666882,35.4189932346344,11.647907691817144,False,13.696341213367543,17.902204235350226,32.55788452380027
XJTU__R3,CS2_6,B123,55,0.6767336171566329,0.20311722475777344,35.4189932346344,11.647907691817144,False,13.685495500179172,17.877135864141003,32.50487095439989
XJTU__R3,CS2_6,B1234,55,0.6767336171566329,0.20311722475777344,35.4189932346344,11.647907691817144,False,13.685495500179172,17.877135864141003,32.50487095439989
XJTU__R3,CX2_3,B,1750,0.0,0.0,60.35713851451874,13.632691845866793,True,24.632385964053018,28.153236496829965,50.097866505384445
XJTU__R3,CX2_3,B1,1750,0.0,0.0,60.35713851451874,13.632691845866793,True,24.269018168108804,27.83586768556637,49.73449870944023
XJTU__R3,CX2_3,B12,1750,1.0970313013805688,0.11055215756673589,60.35713851451874,13.632691845866793,False,23.349907509414184,27.013673346938898,48.78224672827249
XJTU__R3,CX2_3,B123,1750,1.1214526774095845,0.13016356361116493,60.35713851451874,13.632691845866793,False,23.281771437025238,26.946882755800047,48.702235290062774
XJTU__R3,CX2_3,B1234,1750,1.1214526774095845,0.13016356361116493,60.35713851451874,13.632691845866793,False,23.281771437025238,26.946882755800047,48.702235290062774
XJTU__R3,PL11,B,870,0.0,0.0,21.94696068763733,6.184452035592647,True,9.292071167079882,11.161990573129119,19.889143407344815
XJTU__R3,PL11,B1,870,0.0,2.220446049250313e-14,21.94696068763733,6.184452035592647,True,9.253109994976002,11.129577330683803,19.850182235240936
XJTU__R3,PL11,B12,870,0.6639477439467134,0.0709274791362509,21.94696068763733,6.184452035592647,False,8.547240995726597,10.531077124698337,19.088208128447892
XJTU__R3,PL11,B123,870,0.755316568802189,0.07132939300989473,21.94696068763733,6.184452035592647,False,8.444743323051771,10.445783138230453,18.984722389909543
XJTU__R3,PL11,B1234,870,0.755316568802189,0.07132939300989473,21.94696068763733,6.184452035592647,False,8.444743323051771,10.445783138230453,18.984722389909543
XJTU__R3,PL12,B,972,0.0,0.0,70.89278101921082,12.610177236830344,True,15.69114689228466,19.834759661975493,39.272543191909776
XJTU__R3,PL12,B1,972,0.0,1.1102230246251565e-14,70.89278101921082,12.610177236830344,True,18.273684509987692,22.092401443872188,42.10232496261595
XJTU__R3,PL12,B12,972,0.8224592965630828,0.04738401394792992,70.89278101921082,12.610177236830344,False,20.43878900584415,23.961574711311375,44.33916581428478
XJTU__R3,PL12,B123,972,0.9469573243326201,0.05932971771435031,70.89278101921082,12.610177236830344,False,20.332483235783965,23.875215203892978,44.241347808490225
XJTU__R3,PL12,B1234,972,0.9469573243326201,0.05932971771435031,70.89278101921082,12.610177236830344,False,20.332483235783965,23.875215203892978,44.241347808490225
XJTU__R3,PL13,B,871,0.0,0.0,20.845073461532593,5.7177318887529545,True,8.277524722019376,10.060311798115622,18.308788537979126
XJTU__R3,PL13,B1,871,0.0,2.220446049250313e-14,20.845073461532593,5.7177318887529545,True,8.428262484470544,10.184697661629235,18.459526300430294
XJTU__R3,PL13,B12,871,0.7667440617424526,0.16377543025692431,20.845073461532593,5.7177318887529545,False,7.870855366895649,9.676962420243113,17.778680741872282
XJTU__R3,PL13,B123,871,0.8458800281152756,0.16241856473587885,20.845073461532593,5.7177318887529545,False,7.754324233825004,9.582489734086643,17.665492674063266
XJTU__R3,PL13,B1234,871,0.8458800281152756,0.16241856473587885,20.845073461532593,5.7177318887529545,False,7.754324233825004,9.582489734086643,17.665492674063266
XJTU__R3,PL14,B,986,0.0,0.0,56.190282106399536,9.764944938004797,True,8.26793647320227,10.28324976031196,21.107402443885803
XJTU__R3,PL14,B1,986,0.0,1.1102230246251565e-14,56.190282106399536,9.764944938004797,True,8.300482355073306,10.35665461703109,21.334411501884464
XJTU__R3,PL14,B12,986,1.7394657117175027,0.3834901801353201,56.190282106399536,9.764944938004797,False,8.35253897144617,10.515290381476557,21.820960300651993
XJTU__R3,PL14,B123,986,1.6760217915615327,0.36301244986784575,56.190282106399536,9.764944938004797,False,8.339526495674821,10.511269169899164,21.910016407979455
XJTU__R3,PL14,B1234,986,1.6760217915615327,0.36301244986784575,56.190282106399536,9.764944938004797,False,8.339526495674821,10.511269169899164,21.910016407979455
XJTU__RW,CS2_5,B,59,0.0,0.0,5.423128604888916,1.5143474477755627,True,3.6513998346813654,3.952969636272895,5.860685706138611
XJTU__RW,CS2_5,B1,59,0.0,0.0,5.423128604888916,1.5143474477755627,True,3.8690283136852717,4.154831920148234,6.078314185142517
XJTU__RW,CS2_5,B12,59,0.0,0.0,5.423128604888916,1.5143474477755627,True,3.889430983591888,4.173837750644953,6.098716855049133
XJTU__RW,CS2_5,B123,59,2.283104150180293e-07,6.044786877827755e-08,5.423128604888916,1.5143474477755627,False,3.8868799223987662,4.171460634223579,6.09616587350605
XJTU__RW,CS2_5,B1234,59,0.04706857593366198,0.00924348331878358,5.423128604888916,1.5143474477755627,False,3.881384216761013,4.166392554393845,6.089052105782453
XJTU__RW,CS2_6,B,55,0.0,0.0,35.4189932346344,11.647907691817144,True,15.736198858781295,19.578092555716523,34.744640588760376
XJTU__RW,CS2_6,B1,55,0.0,0.0,35.4189932346344,11.647907691817144,True,14.717671708627181,18.769219859120888,33.72611343860626
XJTU__RW,CS2_6,B12,55,0.0,2.220446049250313e-14,35.4189932346344,11.647907691817144,True,14.386119901936397,18.510380855886876,33.39456163191547
XJTU__RW,CS2_6,B123,55,2.9066604234628812e-06,8.13135712870691e-07,35.4189932346344,11.647907691817144,False,14.42756485577431,18.54260992302716,33.43600747448855
XJTU__RW,CS2_6,B1234,55,0.04044622353306382,0.006598303493786486,35.4189932346344,11.647907691817144,False,14.436144105893618,18.55076711063546,33.44778307011366
XJTU__RW,CX2_3,B,1750,0.0,0.0,60.35713851451874,13.632691845866793,True,24.87286686386381,28.363881839266238,50.338347405195236
XJTU__RW,CX2_3,B1,1750,0.0,0.0,60.35713851451874,13.632691845866793,True,24.269018168108804,27.83586768556637,49.73449870944023
XJTU__RW,CX2_3,B12,1750,1.1102230246251565e-14,2.2220315161065554e-14,60.35713851451874,13.632691845866793,True,24.86028668270225,28.35285066638813,50.325767224033676
XJTU__RW,CX2_3,B123,1750,7.927379641614607e-07,2.4857576306501296e-07,60.35713851451874,13.632691845866793,False,24.786378392568622,28.288068977145617,50.25185915837918
XJTU__RW,CX2_3,B1234,1750,0.027523395732409472,0.0015101707252602127,60.35713851451874,13.632691845866793,False,24.761593044701375,28.266180169373,50.22679096594907
XJTU__RW,PL11,B,870,0.0,0.0,21.94696068763733,6.184452035592647,True,9.532552066890673,11.362965981139242,20.129624307155606
XJTU__RW,PL11,B1,870,0.0,2.220446049250313e-14,21.94696068763733,6.184452035592647,True,9.253109994976002,11.129577330683803,19.850182235240936
XJTU__RW,PL11,B12,870,0.0,3.3306690738754696e-14,21.94696068763733,6.184452035592647,True,9.26184255972334,11.13683862600373,19.858914799988273
XJTU__RW,PL11,B123,870,1.0538404549009783e-05,1.4015437667578323e-06,21.94696068763733,6.184452035592647,False,9.260754050999852,11.135933691742885,19.857828198514323
XJTU__RW,PL11,B1234,870,0.010677740018583126,0.000652261130818001,21.94696068763733,6.184452035592647,False,9.261527959856346,11.13672192287642,19.85891649673775
XJTU__RW,PL12,B,972,0.0,0.0,70.89278101921082,12.610177236830344,True,15.481833580099506,19.649730733375783,39.032062292098985
XJTU__RW,PL12,B1,972,0.0,1.1102230246251565e-14,70.89278101921082,12.610177236830344,True,18.273684509987692,22.092401443872188,42.10232496261595
XJTU__RW,PL12,B12,972,0.0,1.1102230246251565e-14,70.89278101921082,12.610177236830344,True,19.2640720202622,22.946844992524927,43.13374132849274
XJTU__RW,PL12,B123,972,0.0003591971422189921,5.7001840560349804e-05,70.89278101921082,12.610177236830344,False,19.138649290897323,22.83915935858275,43.004701998740956
XJTU__RW,PL12,B1234,972,0.032130367878480115,0.0030582674457563493,70.89278101921082,12.610177236830344,False,19.083735906184923,22.790933161108274,42.94651408988251
XJTU__RW,PL13,B,871,0.0,0.0,20.845073461532593,5.7177318887529545,True,8.518005621830167,10.259087567868438,18.549269437789917
XJTU__RW,PL13,B1,871,0.0,2.220446049250313e-14,20.845073461532593,5.7177318887529545,True,8.428262484470544,10.184697661629235,18.459526300430294
XJTU__RW,PL13,B12,871,4.440892098500626e-14,3.33915594984272e-14,20.845073461532593,5.7177318887529545,True,8.509592202702695,10.252103072441328,18.540856018662446
XJTU__RW,PL13,B123,871,1.1258362331290073e-05,2.2141389781917766e-06,20.845073461532593,5.7177318887529545,False,8.499428395308158,10.24366922058048,18.530695194512234
XJTU__RW,PL13,B1234,871,0.008052360190669017,0.0009722725844062074,20.845073461532593,5.7177318887529545,False,8.491592570316138,10.237427537939451,18.523409286281705
XJTU__RW,PL14,B,986,0.0,0.0,56.190282106399536,9.764944938004797,True,8.236671310167525,10.210419536126917,20.866921544075012
XJTU__RW,PL14,B1,986,0.0,1.1102230246251565e-14,56.190282106399536,9.764944938004797,True,8.300482355073306,10.35665461703109,21.334411501884464
XJTU__RW,PL14,B12,986,1.5942802633617248e-11,6.186575586000596e-13,56.190282106399536,9.764944938004797,True,8.333965025834612,10.41003130537687,21.49145890958608
XJTU__RW,PL14,B123,986,9.09123978876103e-05,2.21878995957343e-05,56.190282106399536,9.764944938004797,False,8.3297572388869,10.403256411871611,21.471823720231505
XJTU__RW,PL14,B1234,986,0.05934860729071012,0.008918598623589223,56.190282106399536,9.764944938004797,False,8.328700340465517,10.40064544686253,21.45829600975246
XJTU__Sim_satellite,CS2_5,B,59,0.0,0.0,5.423128604888916,1.5143474477755627,True,3.605122788477752,3.91026322804309,5.814408659934998
XJTU__Sim_satellite,CS2_5,B1,59,0.0,0.0,5.423128604888916,1.5143474477755627,True,3.8690283136852717,4.154831920148234,6.078314185142517
XJTU__Sim_satellite,CS2_5,B12,59,1.5656935638293623,0.4850998927816774,5.423128604888916,1.5143474477755627,False,3.182314774512608,3.4422035142823177,5.015690834661961
XJTU__Sim_satellite,CS2_5,B123,59,1.4980347704819597,0.4577263424451518,5.423128604888916,1.5143474477755627,False,3.1597059532409837,3.4139707033447566,4.950582975827477
XJTU__Sim_satellite,CS2_5,B1234,59,1.4673614638737509,0.4397479420736252,5.423128604888916,1.5143474477755627,False,3.191972088162082,3.4472446819603757,5.0009880650044805
XJTU__Sim_satellite,CS2_6,B,55,0.0,0.0,35.4189932346344,11.647907691817144,True,15.689921812577682,19.540916050223792,34.69836354255676
XJTU__Sim_satellite,CS2_6,B1,55,0.0,0.0,35.4189932346344,11.647907691817144,True,14.717671708627181,18.769219859120888,33.72611343860626
XJTU__Sim_satellite,CS2_6,B12,55,0.7138257573119033,0.2140986728979864,35.4189932346344,11.647907691817144,False,13.728040655071569,17.91327682350297,32.56259705289267
XJTU__Sim_satellite,CS2_6,B123,55,0.756442924624412,0.22962047178824108,35.4189932346344,11.647907691817144,False,13.715271681813007,17.88854906557472,32.50995074485226
XJTU__Sim_satellite,CS2_6,B1234,55,0.7167521007103494,0.21556217337857347,35.4189932346344,11.647907691817144,False,13.758772933213857,17.92867543615457,32.56738091804729
XJTU__Sim_satellite,CX2_3,B,1750,0.0,0.0,60.35713851451874,13.632691845866793,True,24.826589817660196,28.32330928649955,50.29207035899162
XJTU__Sim_satellite,CX2_3,B1,1750,0.0,0.0,60.35713851451874,13.632691845866793,True,24.269018168108804,27.83586768556637,49.73449870944023
XJTU__Sim_satellite,CX2_3,B12,1750,0.875672065882438,0.09253717259468047,60.35713851451874,13.632691845866793,False,24.02964348357763,27.606811461882053,49.466406774784744
XJTU__Sim_satellite,CX2_3,B123,1750,0.9485941043731239,0.11562844176835484,60.35713851451874,13.632691845866793,False,23.876991730705953,27.466164657469218,49.30183193874351
XJTU__Sim_satellite,CX2_3,B1234,1750,0.9136660191080059,0.10952913556032953,60.35713851451874,13.632691845866793,False,23.899365945061124,27.48704384017636,49.326246993858256
XJTU__Sim_satellite,PL11,B,870,0.0,0.0,21.94696068763733,6.184452035592647,True,9.48627502068706,11.324171525928831,20.083347260951992
XJTU__Sim_satellite,PL11,B1,870,0.0,2.220446049250313e-14,21.94696068763733,6.184452035592647,True,9.253109994976002,11.129577330683803,19.850182235240936
XJTU__Sim_satellite,PL11,B12,870,0.7733629103009787,0.09277075184108265,21.94696068763733,6.184452035592647,False,8.424374048795103,10.425388534965046,18.942236289721514
XJTU__Sim_satellite,PL11,B123,870,0.850315834632398,0.0885754314206939,21.94696068763733,6.184452035592647,False,8.337210863944128,10.353775001916338,18.860151279249227
XJTU__Sim_satellite,PL11,B1234,870,0.7986224507370299,0.08381683897068581,21.94696068763733,6.184452035592647,False,8.382411306871962,10.392268259090255,18.911077498695914
XJTU__Sim_satellite,PL12,B,972,0.0,0.0,70.89278101921082,12.610177236830344,True,15.522111749943392,19.68524371957213,39.0783393383026
XJTU__Sim_satellite,PL12,B1,972,0.0,1.1102230246251565e-14,70.89278101921082,12.610177236830344,True,18.273684509987692,22.092401443872188,42.10232496261595
XJTU__Sim_satellite,PL12,B12,972,0.886904910198949,0.051904360588793795,70.89278101921082,12.610177236830344,False,19.963273319805005,23.55145215495215,43.85692663312552
XJTU__Sim_satellite,PL12,B123,972,1.001857268428974,0.062475436523917814,70.89278101921082,12.610177236830344,False,19.91796055822857,23.518112213017563,43.82081406200534
XJTU__Sim_satellite,PL12,B1234,972,0.9568035794254581,0.05856363137201068,70.89278101921082,12.610177236830344,False,19.8275102112209,23.439287194053673,43.72698603195069
XJTU__Sim_satellite,PL13,B,871,0.0,0.0,20.845073461532593,5.7177318887529545,True,8.471728575626553,10.220696796733083,18.502992391586304
XJTU__Sim_satellite,PL13,B1,871,0.0,2.220446049250313e-14,20.845073461532593,5.7177318887529545,True,8.428262484470544,10.184697661629235,18.459526300430294
XJTU__Sim_satellite,PL13,B12,871,0.9279274242208091,0.20583193243712714,20.845073461532593,5.7177318887529545,False,7.704650949302793,9.527747317442683,17.56959597017681
XJTU__Sim_satellite,PL13,B123,871,0.9944413108523453,0.19740519636074721,20.845073461532593,5.7177318887529545,False,7.608359361489831,9.452451541163667,17.482012251898627
XJTU__Sim_satellite,PL13,B1234,871,0.9452384019011051,0.18666330593146896,20.845073461532593,5.7177318887529545,False,7.64383689624849,9.484501712336225,17.525668984984605
XJTU__Sim_satellite,PL14,B,986,0.0,0.0,56.190282106399536,9.764944938004797,True,8.242678878031686,10.224035459182126,20.913198590278625
XJTU__Sim_satellite,PL14,B1,986,0.0,1.1102230246251565e-14,56.190282106399536,9.764944938004797,True,8.300482355073306,10.35665461703109,21.334411501884464
XJTU__Sim_satellite,PL14,B12,986,2.132969076041824,0.4438503030911878,56.190282106399536,9.764944938004797,False,8.32706250713408,10.496159640809044,21.84111724495649
XJTU__Sim_satellite,PL14,B123,986,2.0299935106500855,0.41770469619521267,56.190282106399536,9.764944938004797,False,8.316630366349782,10.495243594501211,21.896096792375427
XJTU__Sim_satellite,PL14,B1234,986,1.9427302760673837,0.3990103345215624,56.190282106399536,9.764944938004797,False,8.314983298116296,10.487439935750137,21.88036858612
