dataset,domain,group,mae,rmse,p95_ae,low_mae,low_rmse,low_p95_ae
MATR,b2,B,3.938321472735929,5.241925723615247,10.662644439846227,7.885550234125818,8.38327359270747,12.021808212743965
MATR,b2,B1,3.1569673826867652,4.246963232210329,8.730666536915294,6.890698905589323,7.325493811712855,10.400855117153984
MATR,b2,B2,3.698190414602951,4.514497590737749,8.419652236249215,6.266615649741121,6.623327343925842,9.325429171831818
MATR,b2,B12,3.2575637524108156,4.155200503451881,8.29240420843111,6.3638567703815525,6.704646809806007,9.311280634610226
MATR,b2,B3,3.910012422978771,5.173346131802603,10.476355670355021,7.765325018491475,8.238959896472975,11.749028161630397
MATR,b2,B13,3.1955961826015047,4.252989188139606,8.653611304367894,6.833670415670424,7.244652758506233,10.218056964349545
MATR,b2,B23,3.755011469859131,4.570273839928027,8.483289590960496,6.316877489857871,6.663612198487528,9.333737845539979
MATR,b2,B123,3.3342583927194918,4.220641997861258,8.343769657558326,6.411690983362738,6.739098302349278,9.29684653051169
MATR,b2,B4,3.938321472735929,5.241925723615247,10.662644439846227,7.885550234125818,8.38327359270747,12.021808212743965
MATR,b2,B14,3.1569673826867652,4.246963232210329,8.730666536915294,6.890698905589323,7.325493811712855,10.400855117153984
MATR,b2,B24,3.698190414602951,4.514497590737749,8.419652236249215,6.266615649741121,6.623327343925842,9.325429171831818
MATR,b2,B124,3.2575637524108156,4.155200503451881,8.29240420843111,6.3638567703815525,6.704646809806007,9.311280634610226
MATR,b2,B34,3.910012422978771,5.173346131802603,10.476355670355021,7.765325018491475,8.238959896472975,11.749028161630397
MATR,b2,B134,3.1955961826015047,4.252989188139606,8.653611304367894,6.833670415670424,7.244652758506233,10.218056964349545
MATR,b2,B234,3.755011469859131,4.570273839928027,8.483289590960496,6.316877489857871,6.663612198487528,9.333737845539979
MATR,b2,B1234,3.3342583927194918,4.220641997861258,8.343769657558326,6.411690983362738,6.739098302349278,9.29684653051169
MATR,b4,B,2.647704663359945,3.839040478850245,7.999846535551704,4.749804895448134,5.977407018324512,11.145558064353056
MATR,b4,B1,2.127780879307349,3.325494669126117,7.499098484609779,5.133558974970735,6.1209980174890335,10.568273675988515
MATR,b4,B2,1.8308560902005457,2.4865330629752425,5.186733527195425,3.121720404705231,3.7528137007502815,6.3334805810767385
MATR,b4,B12,1.7884663769950069,2.451090714007974,5.1946237599465,3.233460284365,3.8397583972391116,6.3667236516120855
MATR,b4,B3,2.647704663359945,3.839040478850245,7.999846535551704,4.749804895448134,5.977407018324512,11.145558064353056
MATR,b4,B13,2.127780879307349,3.325494669126117,7.499098484609779,5.133558974970735,6.1209980174890335,10.568273675988515
MATR,b4,B23,1.8308560902005457,2.4865330629752425,5.186733527195425,3.121720404705231,3.7528137007502815,6.3334805810767385
MATR,b4,B123,1.7884663769950069,2.451090714007974,5.1946237599465,3.233460284365,3.8397583972391116,6.3667236516120855
MATR,b4,B4,2.647704663359945,3.839040478850245,7.999846535551704,4.749804895448134,5.977407018324512,11.145558064353056
MATR,b4,B14,2.127780879307349,3.325494669126117,7.499098484609779,5.133558974970735,6.1209980174890335,10.568273675988515
MATR,b4,B24,1.8308560902005457,2.4865330629752425,5.186733527195425,3.121720404705231,3.7528137007502815,6.3334805810767385
MATR,b4,B124,1.7884663769950069,2.451090714007974,5.1946237599465,3.233460284365,3.8397583972391116,6.3667236516120855
MATR,b4,B34,2.647704663359945,3.839040478850245,7.999846535551704,4.749804895448134,5.977407018324512,11.145558064353056
MATR,b4,B134,2.127780879307349,3.325494669126117,7.499098484609779,5.133558974970735,6.1209980174890335,10.568273675988515
MATR,b4,B234,1.8308560902005457,2.4865330629752425,5.186733527195425,3.121720404705231,3.7528137007502815,6.3334805810767385
MATR,b4,B1234,1.7884663769950069,2.451090714007974,5.1946237599465,3.233460284365,3.8397583972391116,6.3667236516120855
MATR,b1,B,2.7177080396847337,3.677480111916556,7.177967115248559,5.536997587215668,6.135987030199238,9.597711455504697
MATR,b1,B1,1.97673673147795,3.0282189083977413,6.890338888488839,5.9536416472324785,6.403955368511793,9.391904973475175
MATR,b1,B2,1.9443723912460682,3.131305073856083,7.293274919513827,6.207647732263767,6.580363261196907,8.95148054136535
MATR,b1,B12,1.737672065954542,2.7260536927565546,6.205098242553668,5.308265712841246,5.548775443930677,7.448022913455528
MATR,b1,B3,2.4248914416930276,3.300765676473565,6.472537102137238,4.98363374818456,5.4984436686136675,8.578489105859399
MATR,b1,B13,1.7621263941433805,2.719558513116753,6.161797093604778,5.3280445182189435,5.723765508415656,8.395625603059194
MATR,b1,B23,1.7626410817826943,2.838297462043239,6.549883426234398,5.580316276167013,5.92399250617769,8.098504253511573
MATR,b1,B123,1.5695148569110504,2.474859104698791,5.558779415772012,4.755487768050828,4.985697231287815,6.70556197822362
MATR,b1,B4,2.4348406002963516,3.316060158194301,6.513829943274762,5.014586730952177,5.526055996118745,8.570961564268353
MATR,b1,B14,1.7869836746763519,2.742993037555067,6.169625632716187,5.335454227729068,5.735081599705033,8.397667326193405
MATR,b1,B24,1.76180477678032,2.834711061787147,6.525230299761275,5.599381920596398,5.939497200227284,8.095928117616515
MATR,b1,B124,1.5821285150746487,2.4865693932029584,5.580349631745886,4.783591880662321,5.005509293843048,6.728371228037349
MATR,b1,B34,2.1818890820636057,2.9906535951120294,5.899313105599883,4.532995941299751,4.975169691158259,7.682707417711807
MATR,b1,B134,1.6032392241134983,2.4776902253311213,5.560623436851747,4.788779453746967,5.146277845062948,7.5338388672967245
MATR,b1,B234,1.607314411246986,2.585022359266668,5.88876894627521,5.063926086932724,5.3771883398470814,7.343445136731345
MATR,b1,B1234,1.4392775479532374,2.2735264130934696,5.031772200153987,4.312919531712114,4.527763999677154,6.123365796274653
Tongji,Tongji1_CY25-025_1,B,5.614927824330098,7.22872542946463,14.615982856069293,10.416536028474875,10.92444537332571,15.4903729898589
Tongji,Tongji1_CY25-025_1,B1,6.148362878435722,7.709665727384013,14.807395132049807,11.052101544342552,11.42952127408593,15.649043070148542
Tongji,Tongji1_CY25-025_1,B2,8.222924060284837,9.693580447389683,17.023942352608323,13.599072479769532,13.881303101187845,17.650160017044414
Tongji,Tongji1_CY25-025_1,B12,7.113366930219606,8.668733297428618,15.823338656499377,12.345617493727204,12.65939681753119,16.50544507890325
Tongji,Tongji1_CY25-025_1,B3,5.614927824330098,7.22872542946463,14.615982856069293,10.416536028474875,10.92444537332571,15.4903729898589
Tongji,Tongji1_CY25-025_1,B13,6.148362878435722,7.709665727384013,14.807395132049807,11.052101544342552,11.42952127408593,15.649043070148542
Tongji,Tongji1_CY25-025_1,B23,8.222924060284837,9.693580447389683,17.023942352608323,13.599072479769532,13.881303101187845,17.650160017044414
Tongji,Tongji1_CY25-025_1,B123,7.113366930219606,8.668733297428618,15.823338656499377,12.345617493727204,12.65939681753119,16.50544507890325
Tongji,Tongji1_CY25-025_1,B4,5.578216436825319,6.988128050693741,13.336565914783069,10.124324052856865,10.455894046259028,14.074730213729286
Tongji,Tongji1_CY25-025_1,B14,6.1188994153888645,7.441628576020955,13.470499351142772,10.600998189757624,10.850527194985556,14.204356450581747
Tongji,Tongji1_CY25-025_1,B24,7.693517848790095,8.966274996142317,15.15489869933785,12.511226391327861,12.7097199106254,15.709242478953655
Tongji,Tongji1_CY25-025_1,B124,6.856086926787329,8.184298122075912,14.261347097757039,11.571135151796115,11.787024756659818,14.841927821496617
Tongji,Tongji1_CY25-025_1,B34,5.578216436825319,6.988128050693741,13.336565914783069,10.124324052856865,10.455894046259028,14.074730213729286
Tongji,Tongji1_CY25-025_1,B134,6.1188994153888645,7.441628576020955,13.470499351142772,10.600998189757624,10.850527194985556,14.204356450581747
Tongji,Tongji1_CY25-025_1,B234,7.693517848790095,8.966274996142317,15.15489869933785,12.511226391327861,12.7097199106254,15.709242478953655
Tongji,Tongji1_CY25-025_1,B1234,6.856086926787329,8.184298122075912,14.261347097757039,11.571135151796115,11.787024756659818,14.841927821496617
MATR,b3,B,1.4412641852197539,1.7262911719479188,3.0322289887547136,2.8560576423617263,2.953402516636786,3.5980530561735393
MATR,b3,B1,1.4734724023351229,1.8929383623880955,3.6161412940837225,3.2523406905408123,3.307713740912154,3.9076271364011403
MATR,b3,B2,1.1710805709254608,1.421618710321328,2.5701319614218234,2.2547018112777577,2.333844465415635,2.9694504792885446
MATR,b3,B12,1.1575424451268046,1.414034681339183,2.5841448749871874,2.255916860545706,2.336193141580065,2.9708481915372476
MATR,b3,B3,1.3035792671850082,1.5513505689126625,2.6877663491489123,2.4734619841457457,2.5731493434032573,3.3088580778242442
MATR,b3,B13,1.331005276668975,1.693615396560428,3.194131052493635,2.7794359354058558,2.855152276961621,3.57593442229503
MATR,b3,B23,1.1201708586622383,1.3596684214526673,2.4314688454449582,2.0549970050779125,2.154904360874145,2.914883896605494
MATR,b3,B123,1.1133009935625406,1.3568056180745098,2.442998809227592,2.0604046449857636,2.164317824909261,2.9284114086575816
MATR,b3,B4,1.4255318339200087,1.710935514519582,3.044003343098158,2.8798985064489457,2.9715290406521837,3.620108928590971
MATR,b3,B14,1.4611182081284537,1.880525909472987,3.606963452136495,3.2702852284784774,3.3238269041354456,3.9181442451856414
MATR,b3,B24,1.17029947859008,1.422989701593792,2.5744011993263243,2.2894741623102144,2.3633589457394018,2.995949452615838
MATR,b3,B124,1.1585588358883925,1.41678363559821,2.589558530943785,2.2904349159880724,2.363219137344848,2.992545027425266
MATR,b3,B34,1.2967582888748743,1.5480014376507034,2.7115789393749092,2.515681667986381,2.6092997280504133,3.352927193353908
MATR,b3,B134,1.327452271937697,1.6922682226894914,3.205192777825406,2.8180304332190973,2.8902985822738843,3.600416351258866
MATR,b3,B234,1.1236306462334869,1.366208647462926,2.448578775216352,2.1009435241418712,2.1936128989341537,2.95094582949389
MATR,b3,B1234,1.1176843530144158,1.363959294568047,2.4629486785676318,2.106362133157777,2.2011948213593757,2.9585872498188324
Tongji,Tongji1_CY25-1_1,B,5.840541807078948,7.224896370589382,13.222904404004414,10.02427175148894,10.403393950531147,13.987838758362663
Tongji,Tongji1_CY25-1_1,B1,8.954919045741367,10.227691217413023,17.124283843570282,13.92565119105481,14.202055802924024,17.889218197928535
Tongji,Tongji1_CY25-1_1,B2,5.327778428453989,6.952390065327611,13.04860321438703,9.83621828171016,10.227086575926679,13.75661101202871
Tongji,Tongji1_CY25-1_1,B12,5.327778428453989,6.952390065327611,13.04860321438703,9.83621828171016,10.227086575926679,13.75661101202871
Tongji,Tongji1_CY25-1_1,B3,5.840541807078948,7.224896370589382,13.222904404004414,10.02427175148894,10.403393950531147,13.987838758362663
Tongji,Tongji1_CY25-1_1,B13,8.954919045741367,10.227691217413023,17.124283843570282,13.92565119105481,14.202055802924024,17.889218197928535
Tongji,Tongji1_CY25-1_1,B23,5.327778428453989,6.952390065327611,13.04860321438703,9.83621828171016,10.227086575926679,13.75661101202871
Tongji,Tongji1_CY25-1_1,B123,5.327778428453989,6.952390065327611,13.04860321438703,9.83621828171016,10.227086575926679,13.75661101202871
Tongji,Tongji1_CY25-1_1,B4,5.5233368632828155,6.918186215093989,12.705237001836268,9.59897396038926,9.9985599910882,13.580689618406744
Tongji,Tongji1_CY25-1_1,B14,7.692123224014661,9.038564826332822,15.516440011718,12.467156624053935,12.759424984275677,16.252816155431233
Tongji,Tongji1_CY25-1_1,B24,5.085472338894636,6.710637216415527,12.577981992232123,9.465223404512379,9.880419916043417,13.450726639700768
Tongji,Tongji1_CY25-1_1,B124,5.085472338894636,6.710637216415527,12.577981992232123,9.465223404512379,9.880419916043417,13.450726639700768
Tongji,Tongji1_CY25-1_1,B34,5.5233368632828155,6.918186215093989,12.705237001836268,9.59897396038926,9.9985599910882,13.580689618406744
Tongji,Tongji1_CY25-1_1,B134,7.692123224014661,9.038564826332822,15.516440011718,12.467156624053935,12.759424984275677,16.252816155431233
Tongji,Tongji1_CY25-1_1,B234,5.085472338894636,6.710637216415527,12.577981992232123,9.465223404512379,9.880419916043417,13.450726639700768
Tongji,Tongji1_CY25-1_1,B1234,5.085472338894636,6.710637216415527,12.577981992232123,9.465223404512379,9.880419916043417,13.450726639700768
Tongji,Tongji1_CY35-05_1,B,5.855326962864784,6.873020495832485,12.529389464646231,7.3870040600536395,8.934904406914981,16.376693625811118
Tongji,Tongji1_CY35-05_1,B1,4.641597251998141,5.908369450924989,11.167072510029152,6.3121062529788405,8.071677763850902,14.80560769114649
Tongji,Tongji1_CY35-05_1,B2,4.635047958205614,4.953673476406863,6.931135883712217,7.498637107062182,7.613962976691525,9.195231726321317
Tongji,Tongji1_CY35-05_1,B12,4.635047958205614,4.953673476406863,6.931135883712217,7.498637107062182,7.613962976691525,9.195231726321317
Tongji,Tongji1_CY35-05_1,B3,4.776642409018748,5.6651472026371605,10.455473996516178,6.508243232777907,7.776279000283183,13.879130592875601
Tongji,Tongji1_CY35-05_1,B13,3.8451585894090736,4.887348194395496,9.375960884535967,5.6756560652796155,7.111887169674187,12.678267877566935
Tongji,Tongji1_CY35-05_1,B23,4.180496411205762,4.463748491036309,6.190024109998703,6.940572471899491,7.050434419981499,8.472850133541861
Tongji,Tongji1_CY35-05_1,B123,4.180496411205762,4.463748491036309,6.190024109998703,6.940572471899491,7.050434419981499,8.472850133541861
Tongji,Tongji1_CY35-05_1,B4,5.350057948703693,6.303947734487298,11.558919173116445,6.998727789042276,8.420235002088925,15.239295500721678
Tongji,Tongji1_CY35-05_1,B14,4.282918251629821,5.446830274965108,10.36207585953916,6.03440683686649,7.655710117863228,13.846790216123782
Tongji,Tongji1_CY35-05_1,B24,4.436865978346241,4.746821018401955,6.653022884812294,7.275174833354085,7.395224358493305,8.944535460464579
Tongji,Tongji1_CY35-05_1,B124,4.436865978346241,4.746821018401955,6.653022884812294,7.275174833354085,7.395224358493305,8.944535460464579
Tongji,Tongji1_CY35-05_1,B34,4.446921283247629,5.283476294619096,9.759616273691721,6.306383640432554,7.447726723783141,13.092710840281867
Tongji,Tongji1_CY35-05_1,B134,3.6521814385510782,4.594961695750976,8.81782158384411,5.5990306002948795,6.863761737176278,12.002333773771026
Tongji,Tongji1_CY35-05_1,B234,4.038973238306348,4.320157364723866,6.011240020266327,6.786868277586731,6.902795780565906,8.322872021900197
Tongji,Tongji1_CY35-05_1,B1234,4.038973238306348,4.320157364723866,6.011240020266327,6.786868277586731,6.902795780565906,8.322872021900197
Tongji,Tongji1_CY25-05_1,B,7.102701943587481,7.874388901905109,12.127099009663425,9.85290120028773,10.141387958076374,14.05547804248173
Tongji,Tongji1_CY25-05_1,B1,2.9920974431481024,3.474542818166087,5.931671538506063,3.0716738535754198,3.4884240685364993,5.944705339971158
Tongji,Tongji1_CY25-05_1,B2,1.4586350963231003,1.7196351653420037,2.7801297017905697,2.0690680911834374,2.190889675393906,2.9209005088226574
Tongji,Tongji1_CY25-05_1,B12,1.7920698134047786,2.106416907236152,3.406905279017756,2.667117918547612,2.7975868634212797,3.739337230636665
Tongji,Tongji1_CY25-05_1,B3,5.950847096884632,6.616687645878712,10.16036567181791,8.325612590201294,8.565843089065886,11.842944547196414
Tongji,Tongji1_CY25-05_1,B13,2.6500706819899102,3.0162998528052456,5.035305626339386,3.0101434224592243,3.2923794455762248,5.099340571015965
Tongji,Tongji1_CY25-05_1,B23,1.589202405081705,1.9081535332347441,3.1013704668735698,2.476249942629763,2.5731847822436325,3.4525791291794308
Tongji,Tongji1_CY25-05_1,B123,1.9169046389664188,2.2683436732057807,3.604593204331355,2.9281339368842385,3.0301051105007963,3.9779403459167963
Tongji,Tongji1_CY25-05_1,B4,6.3372581442630915,7.040720086666044,10.86051608102793,8.828304920655865,9.085358502253488,12.543455491457468
Tongji,Tongji1_CY25-05_1,B14,2.7228460262612337,3.1468656334182223,5.358951198637288,2.8489856041103976,3.208410544508452,5.343542581034144
Tongji,Tongji1_CY25-05_1,B24,1.4244437189541805,1.6775221596682302,2.716566916987281,2.0135626243112097,2.134422466947684,2.881834698972655
Tongji,Tongji1_CY25-05_1,B124,1.7092680550483867,2.024939861906893,3.2801717558241306,2.538945242317258,2.6671369436458296,3.5710925771437205
Tongji,Tongji1_CY25-05_1,B34,5.329419874554096,5.943544794067969,9.154382999098527,7.491927386830232,7.708117206611526,10.609488307822843
Tongji,Tongji1_CY25-05_1,B134,2.4428217855285936,2.778989381083664,4.585916015644449,2.8220544844251276,3.0713289460988253,4.655564120885547
Tongji,Tongji1_CY25-05_1,B234,1.5486412588505656,1.857397438941174,3.0209786771480096,2.3723449502216845,2.472551769634139,3.355800782017433
Tongji,Tongji1_CY25-05_1,B1234,1.818903500560553,2.169143741554501,3.4765378944781986,2.7682332489368013,2.8725904123294668,3.793165218197305
Tongji,Tongji2_CY25-05_1,B,8.039947045413564,8.780148629980383,13.685691775984845,5.923899486068073,6.45535510407294,9.206193606259863
Tongji,Tongji2_CY25-05_1,B1,2.34017678076109,2.6528557497973737,4.416629950286584,3.3227248897149835,3.4946218017880684,4.885567904479885
Tongji,Tongji2_CY25-05_1,B2,0.5150165447795012,0.6287595280701176,1.1492333249270252,0.4305482167023431,0.5149804859540245,0.91102063168038
Tongji,Tongji2_CY25-05_1,B12,0.5312676762952608,0.6417632517067627,1.1373580185124326,0.6788601307812675,0.7753611802337232,1.2423046636365254
Tongji,Tongji2_CY25-05_1,B3,6.856928710927889,7.51472739456816,11.802440054268496,5.146487166848689,5.614751298035889,8.018043592183226
Tongji,Tongji2_CY25-05_1,B13,2.229814560634239,2.4922697963410987,4.046476576085966,2.948660095543114,3.0986883140854347,4.325969937562656
Tongji,Tongji2_CY25-05_1,B23,0.5218193231116285,0.6211095943221466,1.0940110536333598,0.4187077122594466,0.49631226382674987,0.8719872933996335
Tongji,Tongji2_CY25-05_1,B123,0.5524994436303753,0.6492528869868361,1.1037153968260895,0.6657822306951565,0.7486926356800051,1.1751231575437635
Tongji,Tongji2_CY25-05_1,B4,6.898870556240678,7.5531277554143355,11.836291470635135,5.153563296053727,5.61903577914822,8.004239026852705
Tongji,Tongji2_CY25-05_1,B14,2.183218625108759,2.4458099839370284,3.9857375985081833,2.9392728786449074,3.0868258897839995,4.288323866671478
Tongji,Tongji2_CY25-05_1,B24,0.5033666445492984,0.6049190616946831,1.0834493961962823,0.41122043596372304,0.48888095147847094,0.869919790122778
Tongji,Tongji2_CY25-05_1,B124,0.5271674883339534,0.6266290307511849,1.0896713766127013,0.6410407710648083,0.7231268730022281,1.1457689400414086
Tongji,Tongji2_CY25-05_1,B34,5.864918112392057,6.447332017811272,10.190468297325191,4.473779796932906,4.884067814529722,6.969595748994375
Tongji,Tongji2_CY25-05_1,B134,2.0876377598479414,2.308810371173844,3.677987384932874,2.612022750917581,2.74111180136257,3.7984473417576874
Tongji,Tongji2_CY25-05_1,B234,0.5434610033574646,0.633867113060068,1.0821443963465476,0.40863290793459006,0.4824624042322124,0.8431032891810615
Tongji,Tongji2_CY25-05_1,B1234,0.5795126573422698,0.6649972458518674,1.0953846575246888,0.634159651657198,0.7060899592175236,1.0901472132501806
Tongji,Tongji2_CY35-05_1,B,4.855123574129321,6.592426872280703,13.78190517006573,3.320083778370843,4.6664597553026095,10.86147745227321
Tongji,Tongji2_CY35-05_1,B1,6.113395380303193,7.505149350212161,12.395152831148732,7.427164562183774,8.435454551394145,12.47134745054204
Tongji,Tongji2_CY35-05_1,B2,0.5047580327266439,0.6055757916778508,1.0840736332474044,0.520873608264169,0.6036660339509063,1.048130047460977
Tongji,Tongji2_CY35-05_1,B12,0.7949921284139759,0.9518036015572866,1.7011280906534836,0.6652216325179632,0.791211796815365,1.392291053282534
Tongji,Tongji2_CY35-05_1,B3,4.855123574129321,6.592426872280703,13.78190517006573,3.320083778370843,4.6664597553026095,10.86147745227321
Tongji,Tongji2_CY35-05_1,B13,6.113395380303193,7.505149350212161,12.395152831148732,7.427164562183774,8.435454551394145,12.47134745054204
Tongji,Tongji2_CY35-05_1,B23,0.5047580327266439,0.6055757916778508,1.0840736332474044,0.520873608264169,0.6036660339509063,1.048130047460977
Tongji,Tongji2_CY35-05_1,B123,0.7949921284139759,0.9518036015572866,1.7011280906534836,0.6652216325179632,0.791211796815365,1.392291053282534
Tongji,Tongji2_CY35-05_1,B4,4.271058763659887,5.817820313872527,12.153134525107014,2.9158789958514415,4.131448726990515,9.638185806575548
Tongji,Tongji2_CY35-05_1,B14,5.283513836008609,6.509525026206708,10.789224267774063,6.407455711525941,7.313155825950419,10.866994372985133
Tongji,Tongji2_CY35-05_1,B24,0.44257633648524874,0.5358759440251074,0.9796851574840042,0.4417224781119153,0.5196831927767196,0.9133414508597281
Tongji,Tongji2_CY35-05_1,B124,0.7264442068535489,0.870735685527158,1.5581822996538586,0.604192661255746,0.7252776847693874,1.3095720501195507
Tongji,Tongji2_CY35-05_1,B34,4.271058763659887,5.817820313872527,12.153134525107014,2.9158789958514415,4.131448726990515,9.638185806575548
Tongji,Tongji2_CY35-05_1,B134,5.283513836008609,6.509525026206708,10.789224267774063,6.407455711525941,7.313155825950419,10.866994372985133
Tongji,Tongji2_CY35-05_1,B234,0.44257633648524874,0.5358759440251074,0.9796851574840042,0.4417224781119153,0.5196831927767196,0.9133414508597281
Tongji,Tongji2_CY35-05_1,B1234,0.7264442068535489,0.870735685527158,1.5581822996538586,0.604192661255746,0.7252776847693874,1.3095720501195507
Tongji,Tongji1_CY45-05_1,B,10.346811363842276,11.261702469672128,16.25615286766129,12.188820869736052,12.569972043765683,16.38798808394784
Tongji,Tongji1_CY45-05_1,B1,11.613358047887372,12.856182651234505,20.876136232368957,13.071847453011952,14.031022364789672,21.298406120163158
Tongji,Tongji1_CY45-05_1,B2,3.6565364104761633,3.9995592696765647,5.693229650669621,3.954429764128111,4.203230342855459,5.702200698241865
Tongji,Tongji1_CY45-05_1,B12,3.7377468947995847,4.0908559154561015,5.820091821001332,4.032619901870826,4.293110449896596,5.831981286597867
Tongji,Tongji1_CY45-05_1,B3,9.445783765006803,10.278953718124919,14.835102572623551,11.135293379806996,11.47897610583162,14.95503573863675
Tongji,Tongji1_CY45-05_1,B13,10.557206177550253,11.640069788038648,18.76207686409259,11.900317719648953,12.715423287539618,19.12494540638818
Tongji,Tongji1_CY45-05_1,B23,3.2443836833093926,3.5592293856509607,5.103021026407591,3.4979947536204192,3.7354412113263704,5.144996590526763
Tongji,Tongji1_CY45-05_1,B123,3.3309538308715423,3.649232847916936,5.204785724926501,3.586535346313398,3.8273784455683924,5.245118168576264
Tongji,Tongji1_CY45-05_1,B4,8.669237687039717,9.422666017993228,13.575134323803686,10.205010673296666,10.517717852473071,13.67223822421902
Tongji,Tongji1_CY45-05_1,B14,9.621017919734658,10.552407891699875,16.873937756679545,10.854570650152443,11.535306560071222,17.164761400069754
Tongji,Tongji1_CY45-05_1,B24,2.8060771860972658,3.106120961836502,4.487556230298603,3.0300742298927146,3.263117571316542,4.52890881929645
Tongji,Tongji1_CY45-05_1,B124,2.8972559599309835,3.1923794764042546,4.586633925152315,3.1279901924115743,3.353564630160687,4.6284094098605495
Tongji,Tongji1_CY45-05_1,B34,7.997499126444358,8.689827738875538,12.502159894261636,9.414955572805463,9.701530588364616,12.595910316308332
Tongji,Tongji1_CY45-05_1,B134,8.834841182450054,9.650824374208955,15.276386939808063,9.979734472007497,10.559161216623437,15.564669590805071
Tongji,Tongji1_CY45-05_1,B234,2.6060531693647944,2.897422331970844,4.231590190971916,2.8228701614694915,3.0552273573328175,4.282051917781151
Tongji,Tongji1_CY45-05_1,B1234,2.6922179203107204,2.9762854990822305,4.305956271702088,2.9168331286972675,3.1385943199926,4.359347709395721
Tongji,Tongji3_CY25-05_1,B,5.234726699516635,7.360015662043474,16.144215684225724,6.464179615252873,8.193758364105836,16.721174863541453
Tongji,Tongji3_CY25-05_1,B1,1.9438971556044724,2.904151281337443,4.4018136028830375,1.978778914919345,2.5528266823642216,4.535673808806496
Tongji,Tongji3_CY25-05_1,B2,2.0066811070102006,2.866421828281253,4.343084240594693,2.060646132016723,2.5715834351318807,4.550000034415833
Tongji,Tongji3_CY25-05_1,B12,1.6906429554350233,2.583674014687988,3.633611959072604,1.6759737871340088,2.1556110588840394,3.8770423674407932
Tongji,Tongji3_CY25-05_1,B3,4.060377897229897,5.725274417228163,12.367566518771293,4.9259981262500725,6.279437940759607,13.03093518405899
Tongji,Tongji3_CY25-05_1,B13,1.7071366334575782,2.642953116743213,3.639732405112973,1.6773266030944585,2.1681977166689195,3.74652400533639
Tongji,Tongji3_CY25-05_1,B23,1.7510852470635385,2.6381487731722295,3.7722232001296834,1.7258426935386701,2.2161193489981312,3.946056777485405
Tongji,Tongji3_CY25-05_1,B123,1.5638091951536606,2.4589755970765683,3.242065187581358,1.5025586999847915,1.9389878759016785,3.431841424161212
Tongji,Tongji3_CY25-05_1,B4,4.56675541926586,6.466845133859416,14.178477010212516,5.619890944090401,7.153792646090246,14.682658963884442
Tongji,Tongji3_CY25-05_1,B14,1.7729795010725955,2.727751059993714,3.937555341379088,1.8107302775846694,2.3214126116771703,4.053648026758203
Tongji,Tongji3_CY25-05_1,B24,1.7774940175064977,2.6535511427919154,3.9099909706702003,1.8231822097353871,2.2915523596081866,4.104226059770694
Tongji,Tongji3_CY25-05_1,B124,1.5430798231999259,2.4453683558797783,3.3586499345323304,1.5386941679582666,1.9669852058666901,3.4866423603223478
Tongji,Tongji3_CY25-05_1,B34,3.5428595143128256,5.060540066496554,10.97974777805557,4.287800985442979,5.489538054113207,11.452145313236384
Tongji,Tongji3_CY25-05_1,B134,1.5702209012571817,2.516513366747261,3.3449597673950904,1.5552144778948531,1.998989462322448,3.4404414346620826
Tongji,Tongji3_CY25-05_1,B234,1.5792849900503987,2.4789062629374077,3.3491375240076593,1.5630597015605678,2.005937317103539,3.55310001315504
Tongji,Tongji3_CY25-05_1,B1234,1.4375796290195115,2.3514165694682987,2.976289998655074,1.3949318749023798,1.7934568718285213,3.139511982692889
Tongji,Tongji3_CY25-05_4,B,9.124625101969569,12.207082734231841,23.776531779965733,11.37539699394417,13.715306078167307,24.212928001368955
Tongji,Tongji3_CY25-05_4,B1,5.9189674140259845,7.624326341284525,15.395553651546855,6.86792172857604,8.392758017520674,15.705079085531915
Tongji,Tongji3_CY25-05_4,B2,6.0891996046871215,8.343149091335592,15.826349466230672,7.383913875117329,9.308953263636404,16.052531974605625
Tongji,Tongji3_CY25-05_4,B12,5.807778628069947,8.011734929503367,15.365987297188333,7.181097047077793,8.941185169107655,15.583360421021027
Tongji,Tongji3_CY25-05_4,B3,8.17482586011967,11.056065349976855,21.670607938432486,10.214656146000628,12.41192476694227,21.97477870169257
Tongji,Tongji3_CY25-05_4,B13,5.3865229800619465,7.049897621002674,14.308077034148324,6.307806157581633,7.76065977961385,14.516843414878442
Tongji,Tongji3_CY25-05_4,B23,5.635721876314068,7.716424731196908,14.669424541977568,6.781079120199891,8.58410846444196,14.864255366429092
Tongji,Tongji3_CY25-05_4,B123,5.378782211622366,7.422665391055769,14.291712007018909,6.599027645590095,8.26089058713636,14.50980241613825
Tongji,Tongji3_CY25-05_4,B4,8.169281757307461,11.005409062741554,21.555256578785798,10.156552518075728,12.351557809688773,21.922627579580222
Tongji,Tongji3_CY25-05_4,B14,5.413001609566045,7.022005238606355,14.244801959741826,6.266797810795491,7.706769838979565,14.427497019931929
Tongji,Tongji3_CY25-05_4,B24,5.538014572121486,7.653539860590029,14.555238856951599,6.739014837304025,8.524461630465133,14.746048314640602
Tongji,Tongji3_CY25-05_4,B124,5.302612743206773,7.367639492168536,14.206172478925922,6.558282622111924,8.20240636447046,14.371307759125651
Tongji,Tongji3_CY25-05_4,B34,7.336135877244723,10.003013354799549,19.703320680447373,9.14285733458964,11.214620597852369,20.038889849991445
Tongji,Tongji3_CY25-05_4,B134,4.950673570569287,6.525113183124572,13.26781442195871,5.781402544838958,7.158323994188561,13.393845685497832
Tongji,Tongji3_CY25-05_4,B234,5.142966131721859,7.108569548725975,13.572110428630886,6.2137323616509255,7.892629846987592,13.724822942321879
Tongji,Tongji3_CY25-05_4,B1234,4.922305250659956,6.855689550559856,13.247152723184021,6.0509329468100645,7.609732727727283,13.400047437418607
Tongji,Tongji3_CY25-05_2,B,5.477146891832848,8.138616661246267,18.778247786159866,6.650463787459265,8.979025491485109,19.525996805574803
Tongji,Tongji3_CY25-05_2,B1,2.7636510117363997,3.845216015055288,6.656493441217286,2.7005714527455598,3.6052870085484163,6.946235636466621
Tongji,Tongji3_CY25-05_2,B2,5.24108047632414,6.343216175753407,9.249682038642383,6.313349114361821,6.808969415112575,9.363650029701894
Tongji,Tongji3_CY25-05_2,B12,2.916884976335627,3.7353496634282415,5.767158648309418,3.291774559512716,3.7410702725039187,5.949635114835124
Tongji,Tongji3_CY25-05_2,B3,4.266797360349485,6.340675614005843,14.396619224053033,5.15962652653158,6.9180540480033565,14.866218994992712
Tongji,Tongji3_CY25-05_2,B13,2.112207822841439,3.1496802798924417,5.061695976974794,2.056892502424687,2.8182271116536346,5.282803948435643
Tongji,Tongji3_CY25-05_2,B23,4.1532344643928445,5.107895468351447,7.27647140612208,4.953820572624502,5.373553276204215,7.369896991896344
Tongji,Tongji3_CY25-05_2,B123,2.3668075010947853,3.190957975849314,4.607647331289144,2.667586462326179,3.0777311053000265,4.763652883576757
Tongji,Tongji3_CY25-05_2,B4,4.858261762109681,7.189913172341764,16.40794811128629,5.862860788121831,7.890914113240274,17.037072559524578
Tongji,Tongji3_CY25-05_2,B14,2.496728557372506,3.53237907179884,5.871691855132281,2.4089387297303877,3.2280844549922008,6.1415931445810985
Tongji,Tongji3_CY25-05_2,B24,4.6319248837116715,5.673362855025926,8.137934074787566,5.580222308546905,6.030038571712988,8.227124569216269
Tongji,Tongji3_CY25-05_2,B124,2.645111643984603,3.4401331131344643,5.088936947349332,2.943762017962436,3.3667485190795876,5.230344039586558
Tongji,Tongji3_CY25-05_2,B34,3.8042187404638472,5.634313286078183,12.596197060369747,4.565071711429763,6.095093996182005,13.06488856324672
Tongji,Tongji3_CY25-05_2,B134,1.9392314217247215,2.9482289237843005,4.528555755000416,1.8611675958383402,2.557381876872329,4.6855170187291
Tongji,Tongji3_CY25-05_2,B234,3.682011469522228,4.605949108446644,6.425523643994617,4.39175119212091,4.781110351000011,6.499297779157433
Tongji,Tongji3_CY25-05_2,B1234,2.163791164921614,2.978541738248527,4.061691081955097,2.3996061683058447,2.7955517036204984,4.180277024241904
Tongji,Tongji2_CY45-05_1,B,5.872403705624571,7.038390225835116,12.625501952734995,7.066640116860162,8.13162686837879,13.438616747918537
Tongji,Tongji2_CY45-05_1,B1,5.83906800608858,6.738015854589621,11.467614517495097,5.680929163729445,6.660628097229253,11.481043633514824
Tongji,Tongji2_CY45-05_1,B2,1.9140781951123853,2.157727515776982,3.3179649384510186,2.4412757546458694,2.5770003004590545,3.572256161122494
Tongji,Tongji2_CY45-05_1,B12,1.9140781951123853,2.157727515776982,3.3179649384510186,2.4412757546458694,2.5770003004590545,3.572256161122494
Tongji,Tongji2_CY45-05_1,B3,4.461834236106025,5.327769767577979,9.516057659640156,5.2603901301981475,6.063757545084579,10.054887594845395
Tongji,Tongji2_CY45-05_1,B13,4.576128637269626,5.265245747034333,8.884864509864958,4.398042932791556,5.142637303993748,8.802018043530339
Tongji,Tongji2_CY45-05_1,B23,1.3345097190545783,1.572704592285841,2.506418628086903,1.7150377621789816,1.8635015001796034,2.679042514917681
Tongji,Tongji2_CY45-05_1,B123,1.3345097190545783,1.572704592285841,2.506418628086903,1.7150377621789816,1.8635015001796034,2.679042514917681
Tongji,Tongji2_CY45-05_1,B4,4.3630083192699995,5.2439546334708504,9.425326520917011,5.246508471897201,6.040262004675942,10.001843059031822
Tongji,Tongji2_CY45-05_1,B14,4.358943817748468,5.050332504822912,8.622315608449293,4.244945635844987,4.987194302458763,8.579072626308994
Tongji,Tongji2_CY45-05_1,B24,1.427823272192349,1.6122340475741026,2.4895127792164766,1.7723598098937856,1.8939381858295739,2.679654103114243
Tongji,Tongji2_CY45-05_1,B124,1.427823272192349,1.6122340475741026,2.4895127792164766,1.7723598098937856,1.8939381858295739,2.679654103114243
Tongji,Tongji2_CY45-05_1,B34,3.3128211446179057,3.971783060031516,7.127779752224622,3.898509978907922,4.49651821886297,7.503965776756479
Tongji,Tongji2_CY45-05_1,B134,3.416296145755972,3.952029547653452,6.697489911338607,3.290475049164442,3.856711136686038,6.603341886413025
Tongji,Tongji2_CY45-05_1,B234,1.0375965799368614,1.2171461053474657,1.947090181285297,1.2705903928671636,1.4041794410782276,2.057885959935703
Tongji,Tongji2_CY45-05_1,B1234,1.0375965799368614,1.2171461053474657,1.947090181285297,1.2705903928671636,1.4041794410782276,2.057885959935703
XJTU,2C,B,2.9830273271676555,3.8549262941935645,8.35463822724143,5.15600171647761,5.730887908077748,9.21858326627429
XJTU,2C,B1,2.4034500171820983,3.5912978272448104,8.118467961210344,6.799648170803739,7.087021819168558,9.425775198536218
XJTU,2C,B2,2.75337339231243,3.8025475157123507,8.711890644855716,5.530191425131896,5.990934682393728,9.183551331788681
XJTU,2C,B12,2.246432833542517,2.988541465840209,6.278979902592979,5.0168809170797175,5.2350023301047255,7.098179452299204
XJTU,2C,B3,2.6590704367758393,3.4508715178160343,7.484036782230831,4.598172087731637,5.129028042752229,8.190483080306251
XJTU,2C,B13,2.1999206934395086,3.231068209324036,7.244782112420472,6.016532680969005,6.2676302676782605,8.485327264024132
XJTU,2C,B23,2.4806538002310834,3.414905721625453,7.784405174421408,4.922310169015213,5.35097584007301,8.205512876114767
XJTU,2C,B123,2.0395875051509824,2.7017924426534443,5.754871718339686,4.460224110980603,4.664559979685182,6.438227652197141
XJTU,2C,B4,2.8775792335814505,3.6867030412315605,7.896367565740794,4.964623270971633,5.509266397660351,8.81110189894108
XJTU,2C,B14,2.2755340602468492,3.403085881814566,7.742056677815063,6.499407298302834,6.776096832152976,9.019789310558874
XJTU,2C,B24,2.6438327878506143,3.6141708177552125,8.155553056146141,5.309561767283386,5.744876278363257,8.765883455747604
XJTU,2C,B124,2.177179938321649,2.8728526631956224,5.962746252008802,4.808205972640804,5.0235841093713836,6.82902090513639
XJTU,2C,B34,2.56957424006424,3.3044639080746254,7.05590338833976,4.436791844296224,4.940139134387176,7.838065266254054
XJTU,2C,B134,2.0834164206115644,3.0631230611343705,6.870464315181229,5.756029212257997,5.9996823932242,8.126428448510154
XJTU,2C,B234,2.3853793638272256,3.247606587049742,7.312390589633963,4.734178087087077,5.139295875202102,7.8704610815932945
XJTU,2C,B1234,1.982917274384161,2.602968034630771,5.4710737118543635,4.281097920956269,4.484368452637436,6.187877668605946
XJTU,3C,B,4.791694280078332,5.394509040492802,8.71541589222057,10.615425788901971,10.663705553516195,11.906752618726793
XJTU,3C,B1,4.0214890250090685,4.70276960909093,8.54951951601544,10.623950561751052,10.67211113998005,11.913994015416883
XJTU,3C,B2,4.675724854050835,5.277388479390839,9.01413723619779,10.911771804270215,10.960835691932438,12.203093241755044
XJTU,3C,B12,4.175411200304253,4.795827773495902,8.757999118171377,10.954447463248707,11.0030670067152,12.245019007288118
XJTU,3C,B3,4.791694280078332,5.394509040492802,8.71541589222057,10.615425788901971,10.663705553516195,11.906752618726793
XJTU,3C,B13,4.0214890250090685,4.70276960909093,8.54951951601544,10.623950561751052,10.67211113998005,11.913994015416883
XJTU,3C,B23,4.675724854050835,5.277388479390839,9.01413723619779,10.911771804270215,10.960835691932438,12.203093241755044
XJTU,3C,B123,4.175411200304253,4.795827773495902,8.757999118171377,10.954447463248707,11.0030670067152,12.245019007288118
XJTU,3C,B4,4.791694280078332,5.394509040492802,8.71541589222057,10.615425788901971,10.663705553516195,11.906752618726793
XJTU,3C,B14,4.0214890250090685,4.70276960909093,8.54951951601544,10.623950561751052,10.67211113998005,11.913994015416883
XJTU,3C,B24,4.675724854050835,5.277388479390839,9.01413723619779,10.911771804270215,10.960835691932438,12.203093241755044
XJTU,3C,B124,4.175411200304253,4.795827773495902,8.757999118171377,10.954447463248707,11.0030670067152,12.245019007288118
XJTU,3C,B34,4.791694280078332,5.394509040492802,8.71541589222057,10.615425788901971,10.663705553516195,11.906752618726793
XJTU,3C,B134,4.0214890250090685,4.70276960909093,8.54951951601544,10.623950561751052,10.67211113998005,11.913994015416883
XJTU,3C,B234,4.675724854050835,5.277388479390839,9.01413723619779,10.911771804270215,10.960835691932438,12.203093241755044
XJTU,3C,B1234,4.175411200304253,4.795827773495902,8.757999118171377,10.954447463248707,11.0030670067152,12.245019007288118
XJTU,RW,B,3.185531420362824,4.274637658098112,7.9253847443459,6.952874750614043,7.296748922425741,8.828604106912364
XJTU,RW,B1,4.338915436975737,5.220302401288628,9.265563715381886,8.659864032167194,8.863452580195982,10.407720576943444
XJTU,RW,B2,2.7072771485534872,3.711441664953301,6.993210636010856,6.023403837108665,6.411150790566401,7.899816304393262
XJTU,RW,B12,3.728226302801277,4.89372149608357,9.15521824971347,8.545890558989804,8.780354269635696,10.446876896328382
XJTU,RW,B3,3.4638657468576888,4.535084107396763,8.341552372263417,7.425876617332492,7.732270932452765,9.283303047941294
XJTU,RW,B13,4.517514226063527,5.399621003351317,9.553506065951046,8.919492238691499,9.121175247488932,10.66783313209039
XJTU,RW,B23,2.9174631725930213,3.989154300029022,7.525900027470253,6.612589568015285,6.950986501792453,8.47061372073708
XJTU,RW,B123,3.9761275160670193,5.102145214787034,9.459223807923387,8.819765449661283,9.047145873154,10.702094911552209
XJTU,RW,B4,3.243454510629931,4.3213175401214645,8.000072824033579,7.049450484767206,7.379336052427771,8.906777555821021
XJTU,RW,B14,4.363152148931693,5.234197204999201,9.265833594712927,8.671090302242696,8.870806557498076,10.401929452634718
XJTU,RW,B24,2.737983377463992,3.764612954369547,7.114507421115287,6.166453116937094,6.535780778415746,8.024429143427875
XJTU,RW,B124,3.7778525537391068,4.918913620331828,9.163470000282897,8.562815502724177,8.791726425050088,10.43912795605041
XJTU,RW,B34,3.5154320760099544,4.57409319229325,8.39543207055522,7.4988022581497304,7.794417880430927,9.338741549798504
XJTU,RW,B134,4.532820998565095,5.405053367478096,9.541843425708592,8.917737098440785,9.115539538467322,10.649036380024317
XJTU,RW,B234,2.967342076553839,4.042123256827853,7.620562343001714,6.726179561298383,7.050863490094785,8.566686688954501
XJTU,RW,B1234,4.01671534945811,5.1188740227210365,9.452275280582318,8.822996648862082,9.045154265171451,10.681585070513046
XJTU,R3,B,2.505968983478155,3.18647544842794,5.784074719565372,4.325439231617789,5.184114714244702,8.563793747610834
XJTU,R3,B1,2.0672222959480107,2.537297549542486,4.298840619300397,2.941926177515454,3.516809910277343,5.773121548816599
XJTU,R3,B2,1.2251445810790151,1.6411366734552268,3.3440872337409715,2.981490082095438,3.3136945232902355,4.819881069722539
XJTU,R3,B12,0.7730737938333329,1.0743966601851105,1.9904037853405112,1.8265242291209414,2.2178981195606893,3.7452492674640983
XJTU,R3,B3,2.155686488143818,2.7697906130495977,5.031334654052776,3.6982523873141395,4.523593965351882,7.59550335500778
XJTU,R3,B13,1.7680370786332538,2.20193191572345,3.7678676473606973,2.4707544898739955,3.0307648795969553,5.055272554220444
XJTU,R3,B23,1.127603809026342,1.526848044039985,3.1440527243232683,2.760284630651109,3.0703372954565404,4.495270656273426
XJTU,R3,B123,0.7368346290213833,1.0278597206404105,1.9391103542616501,1.7174106428011666,2.0951798015539547,3.503830508841447
XJTU,R3,B4,2.505968983478155,3.18647544842794,5.784074719565372,4.325439231617789,5.184114714244702,8.563793747610834
XJTU,R3,B14,2.0672222959480107,2.537297549542486,4.298840619300397,2.941926177515454,3.516809910277343,5.773121548816599
XJTU,R3,B24,1.2251445810790151,1.6411366734552268,3.3440872337409715,2.981490082095438,3.3136945232902355,4.819881069722539
XJTU,R3,B124,0.7730737938333329,1.0743966601851105,1.9904037853405112,1.8265242291209414,2.2178981195606893,3.7452492674640983
XJTU,R3,B34,2.155686488143818,2.7697906130495977,5.031334654052776,3.6982523873141395,4.523593965351882,7.59550335500778
XJTU,R3,B134,1.7680370786332538,2.20193191572345,3.7678676473606973,2.4707544898739955,3.0307648795969553,5.055272554220444
XJTU,R3,B234,1.127603809026342,1.526848044039985,3.1440527243232683,2.760284630651109,3.0703372954565404,4.495270656273426
XJTU,R3,B1234,0.7368346290213833,1.0278597206404105,1.9391103542616501,1.7174106428011666,2.0951798015539547,3.503830508841447
XJTU,R2.5,B,2.071830697564139,3.1669040037970686,7.2154478953510965,6.864247880068743,7.624649919519672,12.294509575087478
XJTU,R2.5,B1,1.7948597835708038,2.4788498608572063,5.020650842787556,4.378522448058559,5.0850573652004964,9.219334845299942
XJTU,R2.5,B2,2.09938315802285,3.0622084402269274,6.588572622993162,5.912984007573941,6.702339993575507,11.104543254751663
XJTU,R2.5,B12,1.6040193141003782,2.4015336022497658,5.200420782153254,4.852627453167052,5.531342209449435,9.614249511220619
XJTU,R2.5,B3,1.8711983512012542,2.919494398041448,6.695424846252751,6.333384934405585,7.078791227981309,11.592165223504145
XJTU,R2.5,B13,1.743782064787154,2.406102747302909,4.893074123079745,4.161763827464032,4.864111618281276,8.824531186345865
XJTU,R2.5,B23,2.008647467497576,2.9118421058129322,6.199245004883772,5.509352788792388,6.277079893574766,10.572118557118939
XJTU,R2.5,B123,1.551444681733839,2.319923307111431,4.980630990842142,4.580442637474473,5.261857735504217,9.182477384043697
XJTU,R2.5,B4,2.071830697564139,3.1669040037970686,7.2154478953510965,6.864247880068743,7.624649919519672,12.294509575087478
XJTU,R2.5,B14,1.7948597835708038,2.4788498608572063,5.020650842787556,4.378522448058559,5.0850573652004964,9.219334845299942
XJTU,R2.5,B24,2.09938315802285,3.0622084402269274,6.588572622993162,5.912984007573941,6.702339993575507,11.104543254751663
XJTU,R2.5,B124,1.6040193141003782,2.4015336022497658,5.200420782153254,4.852627453167052,5.531342209449435,9.614249511220619
XJTU,R2.5,B34,1.8711983512012542,2.919494398041448,6.695424846252751,6.333384934405585,7.078791227981309,11.592165223504145
XJTU,R2.5,B134,1.743782064787154,2.406102747302909,4.893074123079745,4.161763827464032,4.864111618281276,8.824531186345865
XJTU,R2.5,B234,2.008647467497576,2.9118421058129322,6.199245004883772,5.509352788792388,6.277079893574766,10.572118557118939
XJTU,R2.5,B1234,1.551444681733839,2.319923307111431,4.980630990842142,4.580442637474473,5.261857735504217,9.182477384043697
XJTU,Sim_satellite,B,2.5311799023909627,3.084883411357683,5.391035068181293,3.8676580140845496,4.686207464810792,8.316973858807701
XJTU,Sim_satellite,B1,2.9086962312668736,3.8389588574823703,8.021323742574683,6.960143551651783,8.210766719403248,13.615929683668465
XJTU,Sim_satellite,B2,4.158725154344536,4.63640884638136,7.71972308866026,5.525096167816088,6.013358144437717,8.98416384604629
XJTU,Sim_satellite,B12,3.4130153087626405,3.9436631414955685,6.844641726878653,3.929345320546319,4.908662218692802,8.989469341516195
XJTU,Sim_satellite,B3,2.7463071016592604,3.2301058114761725,5.509630002033775,3.8106397307130626,4.459194189063004,7.538076020084322
XJTU,Sim_satellite,B13,2.744425585969403,3.492552213699676,6.816074154891855,5.8486862113814375,7.017351988418278,11.908697573173251
XJTU,Sim_satellite,B23,4.209730754364708,4.628677051436949,7.5751255468867855,5.664762195270064,6.090011527684234,8.959442024263886
XJTU,Sim_satellite,B123,3.396015414437591,3.89294106646029,6.728619706856204,3.963252539885896,4.875805117774649,8.920290212582684
XJTU,Sim_satellite,B4,2.5497518897742033,3.0780211179621806,5.403543198127532,3.762520498756697,4.481883985831199,7.767528477558155
XJTU,Sim_satellite,B14,2.781971104920698,3.632675180472223,7.502575047998658,6.433364814104798,7.613167222890323,12.684462908482573
XJTU,Sim_satellite,B24,4.1168530071389355,4.576512459714337,7.5952539227085145,5.62312158935136,6.0811562072973615,9.044215893061983
XJTU,Sim_satellite,B124,3.3340942607398434,3.855328119444417,6.710681534955478,3.918845920113458,4.868753432945761,8.925417179594742
XJTU,Sim_satellite,B34,2.7727069141544933,3.245124070364798,5.5500655939207535,3.7404653222251283,4.352824810593289,7.286322196979876
XJTU,Sim_satellite,B134,2.658807606570632,3.3534461583676567,6.488265472447882,5.401392039235668,6.530678313911167,11.261809322586204
XJTU,Sim_satellite,B234,4.183180076338386,4.585576460709359,7.509808745282535,5.764595356137064,6.162801882550225,9.03931890119469
XJTU,Sim_satellite,B1234,3.362125786067085,3.8388584126298904,6.636748405940816,3.999649197100204,4.884545700541742,8.858062874639137
